strategy,param_set,window,elapsed_s,n_trades,wins,losses,win_rate,avg_win_usd,avg_loss_usd,rr_realized,profit_factor,sharpe,max_dd_pct,total_return_pct,total_pnl_usd,mc_pf_median,mc_pf_p05,mc_pf_p95,mc_sharpe_median,mc_sharpe_p05,mc_max_dd_p95,mc_pnl_median,mc_pnl_p05,mc_prob_profit_pct
CL,baseline,W1_0518_0531,38.5,35,15,20,42.9,7.486,-4.752,1.575,1.181,0.35,0.04,0.0,17.24,1.1441985309675666,0.5861304395785814,2.132493280292442,0.9341959171107769,-3.830223281021416,0.07,13.4861,-48.9901,66.7
CL,baseline,W2_0601_0614,146.6,65,29,36,44.6,17.839,-8.927,1.998,1.61,5.737,0.15,0.17,195.96,1.6265401118090779,1.0137281917794014,2.624032084045053,3.312086269894156,0.0951703602606576,0.13,201.1215,5.15650000000001,95.6
CL,baseline,W3_0615_0628,190.5,65,24,41,36.9,9.345,-6.884,1.357,0.795,-5.079,0.11,-0.08,-57.97,0.7846695010477501,0.4907374937396234,1.2483647283694252,-1.7111059336803178,-5.147550923788739,0.19,-60.7191,-168.2447,20.5
CL,trail_ema9,W1_0518_0531,37.0,35,15,20,42.9,7.217,-4.752,1.519,1.139,-0.193,0.04,-0.0,13.21,1.104552493218984,0.5624343779492208,2.061655105899734,0.7001193126821188,-4.145024002892845,0.07,9.4296,-51.451,62.1
CL,trail_ema9,W2_0601_0614,132.6,65,29,36,44.6,16.634,-8.924,1.864,1.502,4.622,0.17,0.14,161.12,1.526182153783092,0.9275022657453346,2.4457768182833317,2.835829062539713,-0.5060398132646124,0.13,163.7623,-27.734300000000005,92.1
CL,trail_ema9,W3_0615_0628,182.0,65,25,40,38.5,9.185,-6.879,1.335,0.834,-4.328,0.11,-0.07,-45.56,0.8211602484129555,0.49938889943091264,1.2910239750300054,-1.3980670384720282,-4.982328530994131,0.18,-50.14699999999999,-161.5961,25.7
CL,sl_to_be_1r,W1_0518_0531,31.2,35,12,23,34.3,7.651,-3.412,2.242,1.17,-0.17,0.04,-0.0,13.34,1.1542988104616867,0.5350433676716444,2.335400873375032,0.8918639006148513,-3.927269370149006,0.06,12.554499999999997,-43.8628,63.3
CL,sl_to_be_1r,W2_0601_0614,132.0,65,24,41,36.9,17.024,-6.576,2.589,1.515,4.02,0.17,0.11,138.95,1.5224101254807698,0.8776944025322485,2.492687196633688,2.5521826251505155,-0.8067239959543535,0.13,138.074,-41.4806,90.2
CL,sl_to_be_1r,W3_0615_0628,178.9,65,20,45,30.8,10.067,-5.878,1.713,0.761,-5.684,0.12,-0.09,-63.18,0.7516375019340574,0.4317854660670124,1.2400390394460157,-1.8949321357656503,-5.601191795050233,0.19,-65.18149999999999,-176.8573,16.1
CL,trail_ema9_plus_be,W1_0518_0531,30.7,35,12,23,34.3,7.191,-3.412,2.108,1.1,-1.081,0.05,-0.01,7.82,1.0728692267661886,0.5018129446571455,2.194870143138661,0.44576905685430546,-4.400520860444872,0.06,5.749600000000003,-48.9839,56.7
CL,trail_ema9_plus_be,W2_0601_0614,131.4,65,24,41,36.9,16.141,-6.575,2.455,1.437,3.39,0.17,0.09,117.8,1.4416051514756716,0.8359482411730067,2.3703415230169416,2.22111431538988,-1.0972990252689339,0.14,117.04650000000001,-52.3711,87.6
CL,trail_ema9_plus_be,W3_0615_0628,180.5,65,21,44,32.3,9.929,-5.988,1.658,0.791,-5.133,0.12,-0.08,-54.98,0.786096410196015,0.4578752466805234,1.2872405373672262,-1.632406383467028,-5.292638705429382,0.19,-56.146800000000006,-169.0247,19.3
CL,tp_6atr,W1_0518_0531,31.3,35,12,23,34.3,10.131,-4.834,2.096,1.093,-0.549,0.04,-0.0,10.4,1.0459177856661146,0.4281739743934987,2.1069727790829353,0.26685324266841554,-5.454936544287529,0.09,5.0774,-74.6549,53.6
CL,tp_6atr,W2_0601_0614,129.0,65,23,42,35.4,19.223,-8.543,2.25,1.232,2.193,0.15,0.06,83.35,1.2306400436452678,0.7014375184250712,1.9919070533532073,1.2824325954882594,-2.2322122898826464,0.19,80.75819999999999,-128.0153,74.6
CL,tp_6atr,W3_0615_0628,179.1,65,22,43,33.9,11.945,-6.836,1.747,0.894,-3.049,0.1,-0.06,-31.15,0.8697173631286714,0.4999561725365405,1.4441371851683829,-0.8884494530259236,-4.58058688849192,0.19,-38.083,-167.2094,33.4
CL,all_combined,W1_0518_0531,32.5,35,10,25,28.6,10.333,-3.889,2.657,1.063,-1.067,0.05,-0.01,6.1,1.0291600242473837,0.38941758170367663,2.0873469303512944,0.1492085396639032,-5.95671305501436,0.08,2.7009000000000047,-69.9391,52.4
CL,all_combined,W2_0601_0614,147.0,65,18,47,27.7,16.341,-6.572,2.486,0.952,-1.611,0.21,-0.04,-14.75,0.9245770217344242,0.488303148446743,1.7319279235593645,-0.4153979862339207,-4.159277126728054,0.22,-22.98169999999999,-176.8609,42.0
CL,all_combined,W3_0615_0628,194.5,65,20,45,30.8,11.297,-5.809,1.945,0.864,-3.634,0.1,-0.06,-35.47,0.8514769164628632,0.48025297766697594,1.4217867996236786,-0.9852049597708472,-4.537066124185354,0.19,-39.8244,-160.8957,32.5
VB,baseline_live,W1_0518_0531,61.3,15,7,8,46.7,16.636,-6.911,2.407,2.106,5.27,0.03,0.06,61.17,2.1069742645276985,0.7747804164863413,5.946293795185509,4.866307692910219,-1.703189566846373,0.05,61.0038,-18.167399999999997,89.3
VB,baseline_live,W2_0601_0614,180.6,23,7,16,30.4,18.07,-12.621,1.432,0.626,-4.035,0.13,-0.08,-75.44,0.6149277832166987,0.227224540361301,1.2820297641388094,-3.3560816627594425,-10.800201152355248,0.22,-76.88459999999999,-204.0442,14.5
VB,baseline_live,W3_0615_0628,206.9,24,11,13,45.8,20.99,-6.024,3.484,2.948,8.137,0.02,0.15,152.57,2.8859742451480352,1.4111083405458957,6.038702656716542,6.392882588715868,2.2272264013081204,0.05,148.0607,41.540800000000004,99.0
VB,sl_to_be_1r,W1_0518_0531,49.0,15,7,8,46.7,13.588,-6.115,2.222,1.944,4.267,0.03,0.04,46.19,1.9443547839242665,0.5299713639686967,6.1903638406117425,3.880352836044099,-3.86640820059824,0.06,45.704,-34.2073,84.1
VB,sl_to_be_1r,W2_0601_0614,157.4,23,7,16,30.4,18.072,-11.696,1.545,0.676,-3.309,0.12,-0.06,-60.63,0.6621488141804471,0.2372225709382175,1.4621172999450374,-2.776674364287444,-9.820397804596585,0.2,-62.4643,-186.5275,20.4
VB,sl_to_be_1r,W3_0615_0628,204.5,24,13,11,54.2,17.831,-6.58,2.71,3.203,8.552,0.02,0.16,159.43,3.146623902308276,1.4729599650465024,6.9222343440662515,6.815898276459671,2.5305477078809484,0.05,155.3328,46.1289,99.3
VB,sl_to_be_0.5r,W1_0518_0531,50.4,15,5,10,33.3,2.683,-3.782,0.71,0.355,-9.337,0.03,-0.03,-24.4,0.3484269791547419,0.036472511647937085,1.4813582630312325,-5.488355327859317,-14.01059616115559,0.06,-23.5444,-53.4609,11.0
VB,sl_to_be_0.5r,W2_0601_0614,159.0,23,11,12,47.8,10.984,-10.077,1.09,0.999,-0.159,0.08,-0.0,-0.1,0.9954313810226597,0.32406651831418853,2.473045337755316,-0.02407967634723049,-6.289475721273696,0.13,-0.5489999999999982,-104.4945,49.5
VB,sl_to_be_0.5r,W3_0615_0628,203.3,24,15,9,62.5,10.568,-4.569,2.313,3.855,8.095,0.02,0.11,117.4,3.752176505664878,1.5283512992693997,10.112748696156075,7.162842269994553,2.360153348662506,0.03,112.95079999999999,32.6823,99.4
VB,sl_to_be_1r_plus_tp_6atr,W1_0518_0531,49.0,15,7,8,46.7,15.319,-6.116,2.505,2.192,5.14,0.03,0.06,58.31,2.2053903279084275,0.505304004936877,6.848890054581551,4.089167263576969,-3.3552757162965388,0.06,56.057100000000005,-32.598299999999995,85.6
VB,sl_to_be_1r_plus_tp_6atr,W2_0601_0614,159.2,23,7,16,30.4,21.318,-11.699,1.822,0.797,-1.958,0.12,-0.04,-37.96,0.7698148881774113,0.23886925338277104,1.8071585641550236,-1.5726655053078966,-8.97887008514497,0.2,-42.2313,-183.3976,32.3
VB,sl_to_be_1r_plus_tp_6atr,W3_0615_0628,204.1,24,13,11,54.2,19.894,-6.582,3.023,3.572,9.63,0.02,0.18,186.23,3.498327729618422,1.7020600043877905,7.416997096447431,7.611757741197365,3.195208652231762,0.05,179.1057,66.402,99.9
VWAP,exit_z_0.3,W1_0518_0531,28.0,6,5,1,83.3,4.455,-1.353,3.293,16.463,6.776,0.01,0.02,20.92,17.020990391722098,1.556910569105691,99.0,9.748565095529763,2.4940101868186324,0.0,20.5103,0.8195,96.7
VWAP,exit_z_0.3,W2_0601_0614,118.8,5,5,0,100.0,6.013,0.0,0.0,0.0,8.391,0.0,0.03,30.06,99.0,99.0,99.0,53.409556409374076,38.31541945630569,0.0,30.063299999999998,23.3699,100.0
VWAP,exit_z_0.3,W3_0615_0628,164.2,15,7,8,46.7,12.856,-193.901,0.066,0.058,-0.096,0.08,-1.46,-1461.21,0.06749076914022638,0.015350979368877896,2.2822691804407143,-4.093410092204432,-7.637951897072949,4.37,-1433.1198,-4337.2593,20.0
VWAP,exit_z_0.1,W1_0518_0531,27.6,6,5,1,83.3,4.76,-1.353,3.518,17.59,6.844,0.01,0.02,22.45,17.893865484109387,1.556910569105691,99.0,9.676652325658011,2.4940101868186324,0.0,22.036,0.8195,96.7
VWAP,exit_z_0.1,W2_0601_0614,118.2,5,5,0,100.0,6.013,0.0,0.0,0.0,8.391,0.0,0.03,30.06,99.0,99.0,99.0,53.409556409374076,38.31541945630569,0.0,30.063299999999998,23.3699,100.0
VWAP,exit_z_0.1,W3_0615_0628,169.8,15,7,8,46.7,12.949,-193.902,0.067,0.058,-0.046,0.08,-1.46,-1460.57,0.0680295274486349,0.015413414634024961,2.29313509666864,-4.091407015171972,-7.637583970950503,4.37,-1432.3443,-4335.9802,20.2
VWAP,exit_z_0.2,W1_0518_0531,34.6,6,5,1,83.3,4.76,-1.353,3.518,17.59,6.844,0.01,0.02,22.45,17.893865484109387,1.556910569105691,99.0,9.676652325658011,2.4940101868186324,0.0,22.036,0.8195,96.7
VWAP,exit_z_0.2,W2_0601_0614,175.6,5,5,0,100.0,6.013,0.0,0.0,0.0,8.391,0.0,0.03,30.06,99.0,99.0,99.0,53.409556409374076,38.31541945630569,0.0,30.063299999999998,23.3699,100.0
VWAP,exit_z_0.2,W3_0615_0628,196.8,15,7,8,46.7,12.856,-193.901,0.066,0.058,-0.096,0.08,-1.46,-1461.21,0.06749076914022638,0.015350979368877896,2.2822691804407143,-4.093410092204432,-7.637951897072949,4.37,-1433.1198,-4337.2593,20.0
VWAP,exit_z_0.5,W1_0518_0531,29.1,6,5,1,83.3,4.328,-1.353,3.199,15.993,6.743,0.01,0.02,20.29,16.771766444937178,1.556910569105691,99.0,9.807087455474862,2.4940101868186324,0.0,19.8745,0.8195,96.7
VWAP,exit_z_0.5,W2_0601_0614,174.0,5,5,0,100.0,6.529,0.0,0.0,0.0,10.588,0.0,0.03,32.65,99.0,99.0,99.0,46.02046470238831,32.48318501353277,0.0,32.6502,24.3919,100.0
VWAP,exit_z_0.5,W3_0615_0628,224.3,15,7,8,46.7,14.049,-193.917,0.072,0.063,0.525,0.08,-1.45,-1452.99,0.0721470159159909,0.017166717038092614,2.3948798067851613,-4.052644754777089,-7.604028602077387,4.37,-1428.6562000000001,-4333.0898,20.9
VWAP,exit_z_0.0,W1_0518_0531,39.1,6,5,1,83.3,5.491,-1.353,4.058,20.292,8.761,0.01,0.03,26.1,21.123725055432374,1.1713229859571324,99.0,9.31863640590673,0.8954319139247415,0.0,25.665,0.2654,95.7
VWAP,exit_z_0.0,W2_0601_0614,162.6,5,5,0,100.0,6.013,0.0,0.0,0.0,8.391,0.0,0.03,30.06,99.0,99.0,99.0,53.409556409374076,38.31541945630569,0.0,30.063299999999998,23.3699,100.0
VWAP,exit_z_0.0,W3_0615_0628,186.3,14,7,7,50.0,16.103,-221.275,0.073,0.073,1.48,0.07,-1.44,-1436.2,0.08506014478330576,0.020654436750543164,3.3016579220767936,-4.089755398344961,-7.795449412603541,4.34,-1401.6117,-4293.6641,24.1
